,Subject,Relation,Object
1257,Ford Motor Company,owned by,Henry Ford
955,Thurgood Marshall,country of citizenship,United States
151,Mars,part of,Radio
250,St. Regis Hotels & Resorts,location,New York City
533,Ahmed Zewail,work location,California Institute of Technology
1224,Thomas Edison,location,Hotel Edison
4,Smiljan,residence,"Tesla, Inc."
107,Radio,has part,Geissler tube
965,Wolfgang Amadeus Mozart,composer,Ludwig van Beethoven
428,Yugoslav dinar,instance of,Banknote
365,Nikola Tesla,part of,Niagara Falls
892,Albert Einstein,residence,Charlie Chaplin
796,Zürich,work location,Walther Nernst
1097,J. P. Morgan,owned by,General Electric
1290,Henry Ford,has part,Kalindi Commerford
802,Netherlands,member of,Arthur Eddington
1213,Thomas Edison,residence,Ohio
294,Empire State Building,location,Houston Street
1151,Hoboken Terminal,located in the administrative territorial entity,New Jersey
423,Church of Saint Sava,language of work or name,Serbian Orthodox Church
489,Heriot-Watt University,has part,Lund University
641,Colsterworth,headquarters location,England
561,Billboard (magazine),publisher,Dublin
754,Kingdom of Württemberg,contains administrative territorial entity,Kingdom of Germany
914,Nazi Germany,part of,Hitler Youth
221,Nobel Foundation,subsidiary,William Henry Bragg
1281,Thomas Commerford,said to be the same as,Kalindi Commerford
1003,Albert Einstein,has part,Eric Allin Cornell
1057,New York City,work location,Franklin Leonard Pope
902,Germany,head of government,Albert Einstein
757,Switzerland,contains administrative territorial entity,Zürich
242,Waldorf Astoria New York,part of,New York City
3,"Tesla, Inc.",residence,Smiljan
148,Radio,part of,Mars
66,Thomas Commerford Martin,main subject,Westinghouse Electric Corporation
905,Gestapo,participant,Albert Einstein
873,Jimmy Walker,residence,New York City
637,Michael Faraday,has part,Colsterworth
185,Telefunken,subsidiary,Marconi Company
352,Zagreb,headquarters location,Nikola Tesla
435,Master of Science,field of work,Robin M. Hochstrasser
390,Queen Victoria Park,has part,Niagara Falls
424,Saint Sava,language of work or name,Serbian Orthodox Church
177,Germany,has part,Jonathan Zenneck
106,Paris,participant,Heinrich Hertz
1199,Florida SouthWestern State College,headquarters location,New Jersey
401,Baku,residence,Ilham Aliyev
1286,Kalindi Commerford,has part,Henry Ford
1107,Maine,has part,Queen Victoria
618,Edmond Halley,notable work,Orbit
942,Albert Einstein,headquarters location,White House
1280,Edison Manufacturing Company,residence,"Menlo Park, New Jersey"
34,"Tesla, Inc.",owned by,Tivadar Puskás
813,Royal Society,has part,Albert Einstein
340,Sarah Bernhardt,spouse,Mark Twain
141,"Tesla, Inc.",residence,Colorado
666,John Michael Rysbrack,part of,Earth
649,England,headquarters location,Colsterworth
826,National Academy of Sciences,headquarters location,White House
95,Westinghouse Electric Corporation,manufacturer,"Tesla, Inc."
722,ETH Zurich,headquarters location,Zürich
1271,Thomas Edison,subsidiary,American Institute of Electrical Engineers
505,Sweden,has part,Royal Swedish Academy of Sciences
855,Oskar Halecki,religion,Catholic Church
323,Saint Sava,said to be the same as,Church of Saint Sava
1081,Mahen Theatre,manufacturer,Edison and Swan Electric Light Company
966,Zoellner Quartet,has part,Ludwig van Beethoven
26,Prague,residence,Nikola Tesla
790,Walther Nernst,member of,Prussia
347,Eastern Orthodox Church,religion,"Tesla, Inc."
262,Wyndham New Yorker Hotel,part of,New York City
672,Bank of England,applies to jurisdiction,England
978,World government,has part,Federal Bureau of Investigation
1034,"Washington, D.C.",applies to jurisdiction,California
481,National Academy of Sciences,subsidiary,American Academy of Arts and Sciences
804,Satyendra Nath Bose,has part,Albert Einstein
227,Montenegro,country,Order of Prince Danilo I
601,Gottfried Wilhelm Leibniz,member of,Royal Society
451,Barack Obama,applies to jurisdiction,United States
296,Empire State Building,has part,Manhattan
332,Robert Underwood Johnson,part of,"Tesla, Inc."
1042,MSNBC,original network,WebCite
1165,Henry Ford,has part,Ford Motor Company
1126,Motion Picture Patents Company,owned by,Thomas Edison
708,Israel,part of,Cambridge University Press
571,Electric Fields,publisher,Science (journal)
84,Institute of Electrical and Electronics Engineers,has part,George Westinghouse
625,Edmond Halley,father,Thomas Neale
492,Heriot-Watt University,subsidiary,Royal Swedish Academy of Sciences
657,Moon,part of,Earth
1136,Edison Illuminating Company,headquarters location,"Fort Myers, Florida"
484,American Philosophical Society,subsidiary,Heriot-Watt University
1130,United States,has part,East Coast of the United States
1194,Thomas Edison State University,part of,Florida SouthWestern State College
302,"Tesla, Inc.",owned by,Office of Alien Property Custodian
960,Israel,head of government,Ezriel Carlebach
712,Isaac Newton,member of,Royal Society
720,Cambridge University Press,residence,Isaac Newton
211,William Henry Bragg,said to be the same as,Lawrence Bragg
252,United States dollar,part of,"Tesla, Inc."
1183,Florida,applies to jurisdiction,Entrepreneur Walk of Fame
856,Oskar Halecki,country of citizenship,Weimar Republic
60,"Tesla, Inc.",residence,United States
1106,Stephen Nye,residence,England
18,Nikola Tesla,residence,Tomingaj
691,Isaac Newton,part of,John Maynard Keynes
1187,New Jersey,residence,Thomas Edison State University
836,"Richard Haldane, 1st Viscount Haldane",member of,National Academy of Sciences
828,National Academy of Sciences,headquarters location,London
1150,Overhead line,has part,New Jersey
387,Queen Victoria Park,part of,University of Belgrade
1020,University of Colorado,has part,JILA
9,Lika,country,Austro-Hungarian Army
877,Columbia University,work location,Jimmy Walker
513,University of Jordan,country,Jordan
1192,Thomas Edison,residence,"Fort Myers, Florida"
348,Nikola Tesla,screenwriter,Ben Johnston (composer)
770,Sergey Konenkov,member of,Institute for Advanced Study
596,Elizabeth II,mother,Queen Victoria
974,Albert Einstein,main subject,World government
93,"Tesla, Inc.",owned by,Westinghouse Electric Corporation
359,Nikola Tesla,country of origin,Yugoslavia
1038,Albert Einstein,publisher,Time (magazine)
175,Germany,subsidiary,Marconi Company
331,Arthur Brisbane,residence,Brisbane
688,Napoleon,notable work,Pierre-Simon Laplace
854,Catholic Church,religion,Giuseppe Motta
890,Charlie Chaplin,participant,Nazi Party
65,Thomas Commerford Martin,member of,Institute of Electrical and Electronics Engineers
470,Ayman Nour,sibling,Ahmed Zewail
68,Nikola Tesla,has part,American Institute of Electrical Engineers
1074,Humphry Davy,participant,Alessandro Volta
50,Manhattan,residence,"Tesla, Inc."
896,Berlin,residence,Albert Einstein
342,Swami Vivekananda,spouse,"Tesla, Inc."
1220,"Fort Myers, Florida",residence,Pelé
1198,Florida SouthWestern State College,located in the administrative territorial entity,New Jersey
388,Queen Victoria Park,has part,Queen Victoria
249,St. Regis Hotels & Resorts,part of,New York City
1266,National Statuary Hall Collection,part of,Thomas Edison
1035,California,applies to jurisdiction,"Washington, D.C."
746,Zürich,followed by,ETH Zurich
58,New York (state),located in the administrative territorial entity,Wall Street
913,Albert Einstein,part of,Hitler Youth
1105,Stephen Nye,residence,New England
843,London,residence,"Richard Haldane, 1st Viscount Haldane"
832,White House,residence,"Richard Haldane, 1st Viscount Haldane"
656,Earth,part of,Moon
782,Prussia,headquarters location,Berlin
520,National Order of the Cedar,instance of,National Order of the Ivory Coast
719,Cambridge University Press,part of,Israel
967,Albert Einstein,movement,Bolsheviks
590,"Anne, Queen of Great Britain",work location,London
287,Houston Street,location,Empire State Building
90,George Westinghouse,member of,American Institute of Electrical Engineers
870,Argentina,headquarters location,University of Buenos Aires
130,Fifth Avenue,location,"Tesla, Inc."
1181,Hollywood Walk of Fame,has part,Entrepreneur Walk of Fame
859,Giuseppe Motta,country of citizenship,Weimar Republic
687,Isaac Newton,movement,Pierre-Simon Laplace
139,Mark Twain,participant,Wilhelm Röntgen
728,Prussian Academy of Sciences,subsidiary,Humboldt University of Berlin
1022,University of Colorado Boulder,has part,JILA
764,Albert Einstein,spouse,Sergey Konenkov
1167,Ford Motor Company,has part,The Henry Ford
32,Tivadar Puskás,owned by,"Tesla, Inc."
118,Nikola Tesla,manufacturer,Westinghouse Electric Corporation
609,Anglicanism,religion,Eastern Orthodox Church
131,"Tesla, Inc.",location,Fifth Avenue
575,Nature (journal),part of,PubMed
181,Marconi Company,subsidiary,Telefunken
791,Walther Nernst,member of,Prussian Academy of Sciences
1135,"Fort Myers, Florida",located in the administrative territorial entity,Detroit
128,"Tesla, Inc.",participant,World's Columbian Exposition
753,Kingdom of Württemberg,country,Kingdom of Germany
44,"Tesla, Inc.",part of,Germany
17,Military Frontier,part of,Mark Twain
829,White House,residence,Albert Einstein
546,Princeton University,subsidiary,Institute for Advanced Study
946,NAACP,member of,Albert Einstein
1195,Thomas Edison State University,subsidiary,Florida SouthWestern State College
101,Westinghouse Electric Corporation,subsidiary,"Tesla, Inc."
14,Mark Twain,part of,Military Frontier
510,Royal Swedish Academy of Sciences,has part,Lund University
115,Westinghouse Electric Corporation,manufacturer,Nikola Tesla
133,"Tesla, Inc.",residence,Houston Street
536,California Institute of Technology,field of work,Ahmed Zewail
1047,New Jersey,residence,Thomas Edison
1114,Europe,country of citizenship,Irving T. Bush
811,Albert Einstein,part of,Berlin
772,Institute for Advanced Study,has part,KGB
507,Royal Swedish Academy of Sciences,subsidiary,Heriot-Watt University
875,Jimmy Walker,work location,Columbia University
1033,Albert Einstein,part of,Hebrew University of Jerusalem
86,Westinghouse Electric Corporation,subsidiary,American Institute of Electrical Engineers
880,New York City,residence,Albert Einstein
767,KGB,spouse,Sergey Konenkov
22,Maribor,has part,Mur (river)
1110,United States,has part,New England
581,Proceedings of the Royal Society,publisher,Royal Society
779,Berlin,headquarters location,Prussian Academy of Sciences
743,U.S. state,field of work,Albert Einstein
869,University of Buenos Aires,headquarters location,Argentina
594,Isaac Newton,mother,Queen Victoria
593,Isaac Newton,spouse,Isaac
629,French Academy of Sciences,subsidiary,Royal Society
1028,Albert Einstein,field of work,Louis de Broglie
35,"Tesla, Inc.",residence,Paris
343,"Tesla, Inc.",spouse,Viereck
6,Gymnasium Karlovac,location,Karlovac
800,Arthur Eddington,member of,Netherlands
1249,The Henry Ford,part of,National Statuary Hall Collection
1032,Hebrew University of Jerusalem,part of,Albert Einstein
807,Satyendra Nath Bose,has part,Berlin
288,Lower Manhattan,part of,Manhattan
995,Judaism,part of,Albert Einstein
716,Isaac Newton,residence,Cambridge University Press
617,Johann Wolfgang von Goethe,field of work,Isaac Newton
1054,Thomas Edison,owned by,Associated Press
1116,Irving T. Bush,country of citizenship,Europe
1243,Thomas Edison,residence,"Glenmont, Maryland"
906,Gestapo,location,Berlin
471,Ayman Nour,head of government,Ahmed Zewail
725,Humboldt University of Berlin,headquarters location,Prussian Academy of Sciences
437,University of Pennsylvania,subsidiary,Alexandria University
200,Supreme Court of the United States,applies to jurisdiction,Oliver Lodge
964,Wolfgang Amadeus Mozart,composer,Albert Einstein
1095,London,located in the administrative territorial entity,Holborn Viaduct
1225,Thomas Edison,crosses,Edison Bridge (New Jersey)
866,Hendrik Lorentz,sibling,Marie Curie
8,Austro-Hungarian Army,country,Tomingaj
895,Berlin,residence,Charlie Chaplin
1179,Entrepreneur Walk of Fame,main subject,Florida
735,Germany,head of government,Adolf Hitler
1287,Thomas Edison,has part,Thomas Commerford
51,Manhattan,has part,Lower East Side
511,Royal Swedish Academy of Sciences,has part,Sweden
400,Eastern Orthodox Church,language of work or name,Serbian Orthodox Church
1056,New York City,residence,Thomas Edison
953,Langston Hughes,country of citizenship,United States
652,Woolsthorpe-by-Colsterworth,headquarters location,Colsterworth
1238,"Glenmont, Maryland",location,Edison's Black Maria
567,Science (journal),publisher,Billboard (magazine)
1075,United States Patent and Trademark Office,field of work,William E. Sawyer
910,Berlin,location,Gestapo
639,Colsterworth,headquarters location,Historic England
371,University of Belgrade,country,Yugoslavia
116,Westinghouse Electric Corporation,manufacturer,World's Columbian Exposition
71,Nikola Tesla,has part,Westinghouse Electric Corporation
419,Serbian Orthodox Church,language of work or name,Church of Saint Sava
314,Fiorello La Guardia,head of government,Louis Adamic
659,Orbit,part of,Moon
1142,Harvey S. Firestone,manufacturer,Ford Motor Company
973,Albert Einstein,part of,World government
1184,Florida,has part,Hollywood Walk of Fame
957,Chaim Weizmann,head of government,Israel
229,Franklin Institute,subsidiary,Philadelphia City Council
341,"Tesla, Inc.",spouse,Swami Vivekananda
417,Serbian Orthodox Church,religion,"Tesla, Inc."
150,International Red Cross and Red Crescent Movement,part of,Radio
801,Royal Netherlands Academy of Arts and Sciences,member of,Arthur Eddington
1094,London,located in the administrative territorial entity,Holborn
519,Cairo,headquarters location,American University
278,Time (magazine),publisher,"Tesla, Inc."
1217,Pelé,child,Thomas Edison
587,London,headquarters location,Royal Society
1212,Ohio,residence,Thomas Edison
819,Berlin,subsidiary,Royal Society
450,Barack Obama,country of citizenship,United States
797,Albert Einstein,member of,German Physical Society
381,Queen Victoria,has part,University of Belgrade
732,"Wilhelm II, German Emperor",subsidiary,Kaiser Wilhelm Society
1147,"Delaware, Lackawanna and Western Railroad",headquarters location,"Hoboken, New Jersey"
100,Westinghouse Electric Corporation,has part,"Tesla, Inc."
697,Samuel Clarke,movement,Nonconformist (Protestantism)
1214,Thomas Edison,child,Pelé
440,Robin M. Hochstrasser,work location,Alexandria University
498,Lund University,subsidiary,Royal Swedish Academy of Sciences
766,KGB,characters,Albert Einstein
336,"Tesla, Inc.",manufacturer,Nikola Tesla
939,Kurt Gödel,sibling,John von Neumann
237,"Tesla, Inc.",location,St. Regis Hotels & Resorts
386,Queen Victoria Park,part of,Nikola Tesla
545,Institute for Advanced Study,subsidiary,Princeton University
154,Colorado,headquarters location,The Century Magazine
47,Germany,has part,France
367,Frano Kršinić,has part,Queen Victoria
1140,Brooklyn,headquarters location,Edison Illuminating Company
119,Nikola Tesla,sibling,Benjamin G. Lamme
762,Elsa Einstein,sibling,Albert Einstein
502,Sweden,country,Lund University
891,Charlie Chaplin,main subject,Nazi Party
1117,Irving T. Bush,owned by,George W. Bush
752,Kingdom of Germany,contains administrative territorial entity,Kingdom of Württemberg
1072,Western Union,main subject,David Edward Hughes
653,Woolsthorpe-by-Colsterworth,owned by,Historic England
462,Egypt,head of government,Ayman Nour
1076,William E. Sawyer,field of work,United States Patent and Trademark Office
457,Ahmed Zewail,religion,Muslim world
156,"Tesla, Inc.",residence,New York (state)
935,Institute for Advanced Study,member of,Kurt Gödel
1219,"Edson (footballer, born 1987)",residence,"Fort Myers, Florida"
857,Giuseppe Motta,religion,Catholic Church
1156,New Jersey,contains administrative territorial entity,North Jersey
490,Heriot-Watt University,country,Sweden
975,World government,has part,Vladimir Lenin
923,David Lloyd George,head of government,Austen Chamberlain
370,University of Belgrade,part of,Nikola Tesla
1231,Chugach Mountains,located in the administrative territorial entity,Alaska
1119,Italy,has part,Netherlands
876,Columbia University,located in the administrative territorial entity,New York City
411,Agfa-Gevaert,owned by,Long Island
1029,Louis de Broglie,field of work,Albert Einstein
809,Albert Einstein,part of,Royal Society
413,"Tesla, Inc.",religion,Serbian Orthodox Church
1233,"Glenmont, Maryland",operator,National Park Service
658,Moon,part of,Orbit
1122,Stollwerck,work location,Belgium
981,Wilfrid Israel,country,Israel
682,Pierre-Simon Laplace,notable work,Napoleon
1289,Henry Ford,has part,Thomas Commerford
384,Queen Victoria,has part,Niagara Falls
701,Royal Society,part of,Israel
1103,England,has part,Queen Victoria
430,Serbian dinar,instance of,Banknote
1012,National Institute of Standards and Technology,subsidiary,University of Colorado Boulder
374,Belgrade,part of,Nikola Tesla
97,Nikola Tesla,owned by,Westinghouse Electric Corporation
275,George Westinghouse,owned by,Nikola Tesla
308,Office of Alien Property Custodian,participant,Donald Trump
78,American Institute of Electrical Engineers,has part,George Westinghouse
922,Austen Chamberlain,head of government,Germany
378,Queen Victoria,part of,Nikola Tesla
569,Electric Fields,publisher,Philosophical Magazine
528,Magdi Yacoub,spouse,Ibrahim Mahlab
526,Ibrahim Mahlab,spouse,Magdi Yacoub
884,Robert Andrews Millikan,work location,California Institute of Technology
646,Historic England,subsidiary,England
714,Isaac Newton,residence,Israel
283,Nikola Tesla,location,Nikola Tesla Museum
816,Berlin,has part,Satyendra Nath Bose
85,Westinghouse Electric Corporation,has part,Nikola Tesla
1118,George W. Bush,owned by,Irving T. Bush
329,Nikola Tesla Museum,location,Belgrade
530,Ahmed Zewail,operator,Wikimedia Foundation
1248,The Henry Ford,has part,Automotive Hall of Fame
903,California Institute of Technology,headquarters location,"Pasadena, California"
379,Queen Victoria,has part,Nikola Tesla
1176,Philadelphia,applies to jurisdiction,Philadelphia City Council
172,Metropolitan Life Insurance Company Tower,occupant,Woolworth Building
996,J. Robert Oppenheimer,part of,Albert Einstein
15,Graz,work location,Mark Twain
268,Westinghouse Electric Corporation,has part,St. Regis New York
153,Collier's,part of,Radio
795,Zürich,headquarters location,Prussian Academy of Sciences
473,April 6 Youth Movement,member of political party,Ahmed Zewail
815,Royal Society,subsidiary,Berlin
372,University of Belgrade,part of,Queen Victoria
1178,Entrepreneur Walk of Fame,has part,Hollywood Walk of Fame
310,New York City,head of government,Fiorello La Guardia
441,Robin M. Hochstrasser,work location,University of Pennsylvania
774,Swiss Federal Institute of Intellectual Property,headquarters location,Bern
1002,Evgeny Lifshitz,sibling,Lev Landau
947,Albert Einstein,spouse,W. E. B. Du Bois
162,Wall Street,owned by,"Tesla, Inc."
193,Karl Ferdinand Braun,subsidiary,Marconi Company
695,Cambridge,residence,Charles Coulston Gillispie
1132,Rensselaer Polytechnic Institute,headquarters location,Bayer
621,Nicolas Fatio de Duillier,said to be the same as,Victor Fatio
452,Bruce Alberts,religion,Islam
70,Nikola Tesla,has part,Institute of Electrical and Electronics Engineers
313,Fiorello La Guardia,head of government,New York City
1185,Florida,applies to jurisdiction,Hollywood Walk of Fame
565,Science (journal),publisher,Dublin
104,"Tesla, Inc.",subsidiary,Westinghouse Electric Corporation
1264,National Statuary Hall Collection,has part,Automotive Hall of Fame
963,Albert Einstein,composer,Wolfgang Amadeus Mozart
1171,Israel,movement,Thomas Paine
1145,John Burroughs,spouse,Harvey S. Firestone
415,"Tesla, Inc.",location,Saint Sava
761,Elsa Einstein,spouse,Albert Einstein
449,Barack Obama,head of government,Linus Pauling
448,California,head of government,Barack Obama
605,Isaac Newton,notable work,Leonhard Euler
1087,Czech Republic,country,Mahen Theatre
535,Google,field of work,Ahmed Zewail
887,Charlie Chaplin,main subject,Albert Einstein
182,Marconi Company,has part,Jonathan Zenneck
676,Grantham,occupant,British Library
1292,PBS,original network,Thomas Edison
289,Lower Manhattan,located in the administrative territorial entity,Manhattan
12,Tomingaj,located in the administrative territorial entity,Lika
276,"Tesla, Inc.",publisher,Time (magazine)
99,Barings Bank,owned by,Westinghouse Electric Corporation
19,Nikola Tesla,residence,Graz
247,New York City,has part,United States dollar
1169,Charles Edison,has part,Ford Motor Company
1086,Czech Republic,owned by,Edison and Swan Electric Light Company
165,Nikola Tesla,part of,"Tesla, Inc."
1011,National Institute of Standards and Technology,subsidiary,University of Colorado
1159,"Delaware, Lackawanna and Western Railroad",located in the administrative territorial entity,New Jersey
584,Royal Society,publisher,Proceedings of the Royal Society
699,"National Portrait Gallery, London",part of,Isaac Newton
918,Hitler Youth,location,Albert Einstein
1005,Albert Einstein,subsidiary,National Institute of Standards and Technology
208,William Henry Bragg,work location,Stockholm
631,London,located in the administrative territorial entity,Jermyn Street
803,Netherlands,member of,Royal Netherlands Academy of Arts and Sciences
219,Nobel Foundation,headquarters location,Stockholm
580,Philosophical Magazine,publisher,PubMed
147,Radio,part of,International Red Cross and Red Crescent Movement
1138,Detroit,headquarters location,Edison Illuminating Company
568,Electric Fields,headquarters location,Dublin
369,Yugoslavia,has part,Queen Victoria
1272,Thomas Edison,member of,American Institute of Electrical Engineers
747,Ethiopia,field of work,Albert Einstein
556,Philosophical Magazine,headquarters location,Dublin
1189,New Jersey,contains administrative territorial entity,Florida
392,Niagara Falls,country,Yugoslavia
1157,Thomas Edison,location,Hoboken Terminal
122,"Tesla, Inc.",manufacturer,Steam (service)
312,New York City,licensed to broadcast to,WNYC
944,Albert Einstein,country of citizenship,Europe
997,Albert Einstein,part of,J. Robert Oppenheimer
447,California,country,United States
465,Ahmed Zewail,participant,Egypt
798,The Times,main subject,Isaac Newton
765,Albert Einstein,part of,Institute for Advanced Study
982,Wilfrid Israel,spouse,V. A. Sundaram
989,Israel,sibling,Wilfrid Israel
745,Albert Einstein,field of work,U.S. state
46,Germany,part of,"Tesla, Inc."
1009,National Institute of Standards and Technology,subsidiary,Albert Einstein
805,Satyendra Nath Bose,member of,Royal Society
31,"Central Telegraph Office, Colombo",followed by,Central Telegraph
83,Institute of Electrical and Electronics Engineers,has part,Westinghouse Electric Corporation
927,Germany,head of government,David Lloyd George
1040,Time (magazine),said to be the same as,Albert Einstein
521,Sudan,applies to jurisdiction,National Order of the Cedar
173,F. W. Woolworth Company,occupant,Metropolitan Life Insurance Company Tower
626,Thomas Neale,father,Edmond Halley
1007,Eric Allin Cornell,subsidiary,National Institute of Standards and Technology
741,Einstein family,has part,Albert Einstein
300,Wyndham New Yorker Hotel,location,"Tesla, Inc."
217,Lawrence Bragg,member of,Nobel Foundation
1148,"Hoboken, New Jersey",owned by,"Delaware, Lackawanna and Western Railroad"
220,Nobel Foundation,owned by,William Henry Bragg
1111,Naval Consulting Board,subsidiary,Thomas Edison
446,United States,country,Barack Obama
146,Radio,part of,"Tesla, Inc."
734,Adolf Hitler,head of government,Germany
871,New York City,head of government,Jimmy Walker
1030,Erwin Schrödinger,field of work,Albert Einstein
792,Walther Nernst,work location,Berlin
297,Czechoslovakia,country,Yugoslavia
1045,Thomas Edison,residence,New Jersey
755,Albert Einstein,residence,Bern
516,Southwestern University,headquarters location,University of Glasgow
1241,Edison's Black Maria,location,"Glenmont, Maryland"
724,Zürich,headquarters location,ETH Zurich
1267,National Statuary Hall Collection,location,United States Capitol
990,New Humanist,headquarters location,New York City
382,Queen Victoria,part of,Belgrade
420,Serbian Orthodox Church,language of work or name,Saint Sava
972,Albert Einstein,field of work,World government
560,Philosophical Magazine,publisher,Electric Fields
1008,Carl Wieman,subsidiary,National Institute of Standards and Technology
263,Wyndham New Yorker Hotel,subsidiary,Westinghouse Electric Corporation
850,League of Nations,headquarters location,Geneva
245,New York City,residence,"Tesla, Inc."
383,Queen Victoria,has part,Queen Victoria Park
552,Dublin,publisher,Billboard (magazine)
1036,New York City,publisher,Albert Einstein
1274,"Menlo Park, California",occupant,Thomas Edison
1063,Thomas Edison,location,"Menlo Park, California"
1049,Nova Scotia,residence,Thomas Edison
76,American Institute of Electrical Engineers,has part,Westinghouse Electric Corporation
113,Westinghouse Electric Corporation,manufacturer,Benjamin G. Lamme
74,American Institute of Electrical Engineers,has part,Nikola Tesla
1143,Harvey S. Firestone,spouse,John Burroughs
27,Prague,located in the administrative territorial entity,Gospić
345,"Tesla, Inc.",member of,League of Nations
426,Yugoslav dinar,part of,Serbian dinar
326,Belgrade,residence,Nikola Tesla
559,Philosophical Magazine,publisher,Science (journal)
1227,Hotel Edison,location,Thomas Edison
351,Nikola Tesla,headquarters location,Zagreb
255,United States dollar,has part,St. Regis Hotels & Resorts
468,Ayman Nour,country of citizenship,Egypt
301,"Tesla, Inc.",part of,Federal Bureau of Investigation
286,Houston Street,has part,Empire State Building
705,Israel,part of,Royal Society
582,Proceedings of the Royal Society,member of,Royal Society
787,Prussian Academy of Sciences,member of,Walther Nernst
251,St. Regis Hotels & Resorts,has part,United States dollar
397,Canada,language of work or name,Serbian Orthodox Church
94,"Tesla, Inc.",manufacturer,Westinghouse Electric Corporation
186,Telefunken,has part,Jonathan Zenneck
112,Westinghouse Electric Corporation,has part,Charles F. Scott (engineer)
149,Radio,part of,Collier's
213,William Henry Bragg,subsidiary,Nobel Foundation
1068,Emile Berliner,notable work,David Edward Hughes
395,Niagara Falls,has part,Queen Victoria
622,Victor Fatio,country of citizenship,Switzerland
1273,American Institute of Electrical Engineers,subsidiary,Thomas Edison
1064,"Menlo Park, California",headquarters location,Thomas Edison
736,Adolf Hitler,head of government,Franklin D. Roosevelt
20,Mur (river),has part,Maribor
191,Jonathan Zenneck,member of,Telefunken
311,New York City,residence,Louis Adamic
1078,Edison and Swan Electric Light Company,headquarters location,Brno
984,Israel,residence,"Caputh, Brandenburg"
394,Niagara Falls,contains administrative territorial entity,Belgrade
727,Prussian Academy of Sciences,headquarters location,Humboldt University of Berlin
537,California Institute of Technology,work location,Ahmed Zewail
808,Albert Einstein,has part,Satyendra Nath Bose
789,Berlin,work location,Walther Nernst
931,Germany,field of work,Albert Einstein
841,London,residence,Albert Einstein
758,Switzerland,residence,Zürich
729,Albert Einstein,work location,"Wilhelm II, German Emperor"
595,Elizabeth II,child,Isaac Newton
647,Historic England,subsidiary,Woolsthorpe-by-Colsterworth
640,Colsterworth,owned by,Historic England
499,Sweden,subsidiary,American Philosophical Society
158,Waldorf Astoria New York,residence,"Tesla, Inc."
1284,Kalindi Commerford,said to be the same as,Thomas Commerford
438,University of Pennsylvania,field of work,Robin M. Hochstrasser
780,Prussian Academy of Sciences,headquarters location,Berlin
763,Albert Einstein,characters,KGB
40,Ivry-sur-Seine,instance of,Germany
304,Federal Bureau of Investigation,subsidiary,Office of Alien Property Custodian
1223,Lake Thomas A Edison,location,Hotel Edison
427,Yugoslav dinar,part of,Banknote
1037,Albert Einstein,publisher,New York City
1203,Florida SouthWestern State College,headquarters location,"Fort Myers, Florida"
215,Lawrence Bragg,spouse,William Henry Bragg
532,Ahmed Zewail,field of work,California Institute of Technology
936,John von Neumann,member of,Institute for Advanced Study
105,Manhattan,location,Grand Street (Manhattan)
321,Church of Saint Sava,said to be the same as,Saint Sava
648,England,part of,Michael Faraday
928,Germany,country of citizenship,Martin Gilbert
751,Kingdom of Germany,country,Kingdom of Württemberg
1044,Firestone Tire and Rubber Company,spouse,Henry Ford
852,Geneva,headquarters location,League of Nations
205,Stockholm,residence,William Henry Bragg
686,Isaac Newton,notable work,Pierre-Simon Laplace
1109,Maine,contains administrative territorial entity,United States
380,Queen Victoria,part of,University of Belgrade
1263,National Statuary Hall Collection,part of,The Henry Ford
1222,Pennsylvania,location,"Edison Hotel (Sunbury, Pennsylvania)"
834,Europe,residence,"Richard Haldane, 1st Viscount Haldane"
482,American Academy of Arts and Sciences,subsidiary,American Chemical Society
266,New York City,subsidiary,Westinghouse Electric Corporation
1270,United States Capitol,location,National Statuary Hall Collection
597,Queen Victoria,mother,Elizabeth II
155,The Century Magazine,headquarters location,Colorado
443,Linus Pauling,head of government,Barack Obama
998,Albert Einstein,field of work,Edwin Hubble
404,Wardenclyffe Tower,owned by,Agfa-Gevaert
606,Isaac Newton,notable work,Simon Stevin
199,Radio,manufacturer,"Tesla, Inc."
203,Nikola Tesla,spouse,Thomas Edison
888,Charlie Chaplin,residence,Berlin
1282,Thomas Commerford,has part,Thomas Edison
1245,Thomas Alva Edison Memorial Tower and Museum,location,"Glenmont, Maryland"
1039,Time (magazine),publisher,Albert Einstein
1235,National Park Service,operator,"Glenmont, Maryland"
840,"Richard Haldane, 1st Viscount Haldane",residence,London
599,Nicolas Fatio de Duillier,country of citizenship,Switzerland
1166,Henry Ford,part of,Ford Motor Company
845,Palestine (region),residence,Albert Einstein
514,Jordan,subsidiary,University of Jordan
433,California Institute of Technology,subsidiary,California
1207,"Fort Myers, Florida",located in the administrative territorial entity,New Jersey
598,Switzerland,country of citizenship,Nicolas Fatio de Duillier
853,Catholic Church,religion,Oskar Halecki
572,Egypt,headquarters location,Nature (journal)
1025,Albert Einstein,field of work,Max Planck
377,Belgrade,contains administrative territorial entity,Niagara Falls
254,United States dollar,has part,Waldorf Astoria New York
1139,Detroit,contains administrative territorial entity,Brooklyn
558,Philosophical Magazine,publisher,Billboard (magazine)
316,Louis Adamic,head of government,Fiorello La Guardia
109,American Institute of Electrical Engineers,member of,"Tesla, Inc."
59,Wall Street,located in the administrative territorial entity,New York (state)
924,David Lloyd George,head of government,Germany
542,London,headquarters location,Cairo University
188,Telefunken,subsidiary,Karl Ferdinand Braun
81,Institute of Electrical and Electronics Engineers,has part,Nikola Tesla
114,Westinghouse Electric Corporation,sibling,Benjamin G. Lamme
467,Ahmed Zewail,sibling,Ayman Nour
1062,"Menlo Park, New Jersey",work location,Edward Hibberd Johnson
518,American University,headquarters location,Cairo
620,Royal Society,member of,Edmond Halley
110,Institute of Electrical and Electronics Engineers,subsidiary,Institute of Radio Engineers
882,New York City,location,Riverside Church
501,Sweden,has part,Heriot-Watt University
1193,Thomas Edison State University,residence,New Jersey
305,Office of Alien Property Custodian,owned by,"Tesla, Inc."
962,Ezriel Carlebach,head of government,Israel
759,Albert Einstein,sibling,Elsa Einstein
1237,Thomas Edison National Historical Park,operator,National Park Service
1251,Automotive Hall of Fame,has part,The Henry Ford
49,"Tesla, Inc.",residence,Lower East Side
911,Albert Einstein,country of citizenship,Germany
616,Henry More,part of,Isaac Newton
409,Agfa-Gevaert,owned by,Wardenclyffe Tower
611,Cambridge University Press,work location,Henry More
21,Mur (river),country,Slovenia
1177,Philadelphia City Council,applies to jurisdiction,Philadelphia
912,Albert Einstein,country,Nazi Germany
120,World's Columbian Exposition,manufacturer,Westinghouse Electric Corporation
67,Nikola Tesla,characters,Thomas Commerford Martin
862,Gonzague de Reynold,sibling,Hendrik Lorentz
0,Serbia,language of work or name,Nikola Tesla
667,John Michael Rysbrack,followed by,Isaac Newton
179,Germany,has part,Karl Ferdinand Braun
544,Europe,country of origin,Russia
1209,"Fort Myers, Florida",residence,Thomas Edison State University
160,"Tesla, Inc.",owned by,Wall Street
726,Humboldt University of Berlin,subsidiary,Prussian Academy of Sciences
1149,New Jersey,has part,Overhead line
894,Albert Einstein,residence,Berlin
831,White House,occupant,National Academy of Sciences
643,Historic England,part of,Michael Faraday
480,National Academy of Sciences,subsidiary,American Chemical Society
730,Albert Einstein,work location,Kaiser Wilhelm Society
540,University of Nottingham,headquarters location,England
710,Judaism,part of,Israel
781,Prussia,has part,Prussian Academy of Sciences
1010,National Institute of Standards and Technology,subsidiary,Eric Allin Cornell
583,Proceedings of the Royal Society,headquarters location,London
1026,Max Planck,field of work,Albert Einstein
679,Colsterworth,residence,Grantham
82,Institute of Electrical and Electronics Engineers,subsidiary,Westinghouse Electric Corporation
930,Martin Gilbert,country of citizenship,Germany
904,"Pasadena, California",headquarters location,California Institute of Technology
257,St. Regis New York,has part,Wyndham New Yorker Hotel
769,Sergey Konenkov,spouse,KGB
709,Judaism,publisher,National Library of Israel
11,Tomingaj,country,Austro-Hungarian Army
1277,John I. Beggs,work location,Manhattan
91,George Westinghouse,member of,Institute of Electrical and Electronics Engineers
79,Institute of Electrical and Electronics Engineers,has part,William Arnold Anthony
1082,Mahen Theatre,country,Czech Republic
806,Satyendra Nath Bose,has part,Royal Society
233,"Tesla, Inc.",owned by,United States dollar
445,United States,applies to jurisdiction,Barack Obama
1205,Florida,followed by,Florida SouthWestern State College
479,American Chemical Society,member of,American Academy of Arts and Sciences
1137,Edison Illuminating Company,headquarters location,Detroit
1053,Grand Trunk Railway,owned by,Thomas Edison
1090,Edison Illuminating Company,owned by,Pearl Street Station
1088,Czech Republic,country,Brno
212,William Henry Bragg,member of,Nobel Foundation
327,Belgrade,location,Nikola Tesla Museum
603,Leonhard Euler,notable work,Isaac Newton
396,Niagara Falls,has part,Queen Victoria Park
1170,Israel,notable work,Thomas Paine
833,Europe,member of,National Academy of Sciences
232,"Tesla, Inc.",part of,University of Paris
664,William Kent,architect,John Michael Rysbrack
1133,United States,publisher,The American Magazine
69,Nikola Tesla,subsidiary,American Institute of Electrical Engineers
737,Franklin D. Roosevelt,characters,Adolf Hitler
1261,Thomas Edison,part of,National Statuary Hall Collection
1128,East Coast of the United States,country,United States
938,Kurt Gödel,member of,Institute for Advanced Study
1228,Edison Bridge (New Jersey),crosses,Lake Thomas A Edison
1093,Holborn Viaduct,located in the administrative territorial entity,London
1252,Automotive Hall of Fame,has part,Thomas Edison
1096,Thomas Edison,movement,Westinghouse Electric Corporation
1073,Alessandro Volta,participant,Humphry Davy
1089,Edison Illuminating Company,instance of,Dutch East India Company
477,Ahmed Zewail,sibling,Mohamed ElBaradei
740,Albert Einstein,said to be the same as,Gymnasium (school)
1230,Edison Bridge (New Jersey),location,Hotel Edison
553,Dublin,publisher,Science (journal)
456,North Africa,part of,Muslim world
458,Egypt,country of citizenship,Ahmed Zewail
439,Robin M. Hochstrasser,field of work,Master of Science
264,New York City,has part,St. Regis New York
77,American Institute of Electrical Engineers,subsidiary,Westinghouse Electric Corporation
749,Gymnasium (school),location,Aarau
25,Slovenia,country,Maribor
235,"Tesla, Inc.",residence,New York City
786,Prussian Academy of Sciences,followed by,Prussia
299,"Tesla, Inc.",location,Wyndham New Yorker Hotel
389,Queen Victoria Park,part of,Niagara Falls
376,Belgrade,has part,Queen Victoria
1098,General Electric,owned by,J. P. Morgan
889,Charlie Chaplin,work location,Berlin
1050,Nova Scotia,contains administrative territorial entity,New Jersey
899,Albert Einstein,residence,Germany
1256,Ford Motor Company,member of,Automotive Hall of Fame
164,"Tesla, Inc.",part of,Nikola Tesla
1071,Western Union,notable work,Emile Berliner
777,Alfred Kleiner,work location,Charles University
195,Karl Ferdinand Braun,sibling,Jonathan Zenneck
1100,New England,has part,England
1206,Florida,headquarters location,"Fort Myers, Florida"
385,Queen Victoria,part of,Niagara Falls
810,Albert Einstein,has part,Royal Society
662,Kent,contains administrative territorial entity,Brogdale
1285,Kalindi Commerford,has part,Thomas Edison
307,Office of Alien Property Custodian,owned by,Donald Trump
849,League of Nations,subsidiary,International Committee on Intellectual Cooperation
1258,Ford Motor Company,occupant,United States Capitol
1112,Naval Consulting Board,headquarters location,"Fort Myers, Florida"
62,William Arnold Anthony,member of,American Institute of Electrical Engineers
717,Cambridge University Press,part of,Royal Society
483,American Academy of Arts and Sciences,subsidiary,National Academy of Sciences
933,United Kingdom,residence,Albert Einstein
703,National Library of Israel,part of,Royal Society
1085,Brno,country,Czech Republic
794,Zürich,headquarters location,Prussia
1216,Pelé,located in the administrative territorial entity,Ohio
267,New York City,has part,Westinghouse Electric Corporation
442,Linus Pauling,country of citizenship,United States
604,Leonhard Euler,notable work,Simon Stevin
861,Weimar Republic,country of citizenship,Oskar Halecki
1152,Hoboken Terminal,location,Thomas Edison
1197,Thomas Edison State University,residence,"Fort Myers, Florida"
161,Houston Street,location,Wall Street
261,Wyndham New Yorker Hotel,has part,St. Regis New York
1268,United States Capitol,occupant,Henry Ford
472,April 6 Youth Movement,member of political party,Mohamed ElBaradei
634,Charles Hutton,work location,London
898,Nazi Party,main subject,Charlie Chaplin
143,Colorado,has part,"Colorado Springs, Colorado"
1218,Pelé,residence,"Fort Myers, Florida"
330,Nikola Tesla Museum,occupant,Nikola Tesla
838,"Richard Haldane, 1st Viscount Haldane",residence,Europe
901,Germany,residence,Albert Einstein
1262,Thomas Edison,location,United States Capitol
96,Westinghouse Electric Corporation,owned by,Nikola Tesla
830,White House,headquarters location,National Academy of Sciences
1180,Entrepreneur Walk of Fame,applies to jurisdiction,Florida
48,"Tesla, Inc.",residence,Manhattan
1125,Major film studios,owned by,Thomas Edison
541,Cairo University,headquarters location,London
491,Heriot-Watt University,has part,Sweden
707,Israel,has part,Isaac Newton
644,Historic England,headquarters location,Colsterworth
459,Egypt,participant,Ahmed Zewail
360,Nikola Tesla,part of,University of Belgrade
183,Marconi Company,subsidiary,Karl Ferdinand Braun
969,Vladimir Lenin,field of work,Social justice
523,Prime Minister of Canada,head of government,Magdi Yacoub
986,V. A. Sundaram,residence,"Caputh, Brandenburg"
893,Albert Einstein,characters,Charlie Chaplin
240,"Tesla, Inc.",has part,United States dollar
350,Nikola Tesla,residence,Zagreb
355,Nikola Tesla,architect,Ivan Meštrović
529,Ali Gomaa,head of government,Ibrahim Mahlab
207,Stockholm,headquarters location,Nobel Foundation
1153,North Jersey,contains administrative territorial entity,New Jersey
872,New York City,located in the administrative territorial entity,Columbia University
136,Houston Street,occupant,"Tesla, Inc."
848,International Committee on Intellectual Cooperation,headquarters location,Geneva
1052,"Port Huron, Michigan",residence,Thomas Edison
167,Nikola Tesla,residence,Waldorf Astoria New York
127,Niagara Falls,subsidiary,Westinghouse Electric Corporation
694,Charles Coulston Gillispie,residence,Cambridge
5,Karlovac,location,Gymnasium Karlovac
771,Institute for Advanced Study,part of,Albert Einstein
785,Prussian Academy of Sciences,has part,Prussia
346,"Tesla, Inc.",religion,Eastern Orthodox Church
1048,New Jersey,contains administrative territorial entity,Nova Scotia
265,New York City,has part,Wyndham New Yorker Hotel
234,"Tesla, Inc.",has part,Waldorf Astoria New York
285,United States Department of War,owned by,Nikola Tesla
244,Waldorf Astoria New York,has part,United States dollar
642,Colsterworth,headquarters location,Woolsthorpe-by-Colsterworth
970,Social justice,field of work,Vladimir Lenin
867,Marie Curie,sibling,Gonzague de Reynold
941,Albert Einstein,spouse,Leo Szilard
72,American Institute of Electrical Engineers,has part,William Arnold Anthony
339,Mark Twain,notable work,"Tesla, Inc."
509,Royal Swedish Academy of Sciences,subsidiary,Lund University
1013,National Institute of Standards and Technology,subsidiary,Leiden University
103,"Tesla, Inc.",has part,Westinghouse Electric Corporation
961,Ezriel Carlebach,father,Chaim Weizmann
138,Wilhelm Röntgen,participant,Mark Twain
1265,National Statuary Hall Collection,owned by,Ford Motor Company
539,University of Nottingham,subsidiary,Ministry of Education (Egypt)
134,"Tesla, Inc.",location,Houston Street
592,Isaac,spouse,Isaac Newton
373,University of Belgrade,has part,Queen Victoria
980,Wilfrid Israel,country of citizenship,Israel
835,"Richard Haldane, 1st Viscount Haldane",spouse,Albert Einstein
585,Royal Society,headquarters location,London
1160,"Glenmont, Maryland",location,Llewellyn Park
846,Asia,participant,Albert Einstein
1079,Edison and Swan Electric Light Company,country,Czech Republic
494,Lund University,subsidiary,American Philosophical Society
197,Marconi Company,owned by,"Tesla, Inc."
817,Berlin,part of,Albert Einstein
64,Thomas Commerford Martin,member of,American Institute of Electrical Engineers
1104,England,has part,New England
683,Pierre-Simon Laplace,movement,Napoleon
166,Nikola Tesla,father,Marc Seifer
881,New York City,location,Albert Einstein
655,Kensington,residence,Isaac Newton
607,Simon Stevin,notable work,Leonhard Euler
756,Bern,residence,Albert Einstein
827,National Academy of Sciences,member of,"Richard Haldane, 1st Viscount Haldane"
940,Bruria Kaufman,field of work,Albert Einstein
1070,David Edward Hughes,notable work,Emile Berliner
748,Albert Einstein,field of work,Ethiopia
474,Mohamed ElBaradei,member of political party,April 6 Youth Movement
951,United States,country of citizenship,Langston Hughes
1240,"Glenmont, Maryland",location,Thomas Alva Edison Memorial Tower and Museum
920,Austen Chamberlain,head of government,David Lloyd George
1186,Thomas Edison State University,owned by,Thomas Edison
1164,Henry Ford,has part,The Henry Ford
1099,New England,has part,Queen Victoria
711,Judaism,religion,Isaac Newton
418,Serbian Orthodox Church,religion,Church of Saint Sava
486,American Philosophical Society,subsidiary,Sweden
874,Jimmy Walker,work location,New York City
863,Gonzague de Reynold,sibling,Marie Curie
218,Lawrence Bragg,subsidiary,Nobel Foundation
886,Charlie Chaplin,characters,Albert Einstein
271,"Tesla, Inc.",field of work,Marc Seifer
632,Switzerland,country of citizenship,Victor Fatio
180,Marconi Company,subsidiary,Germany
453,Islam,religion,Bruce Alberts
1200,Florida SouthWestern State College,owned by,Thomas Edison
564,Billboard (magazine),publisher,Electric Fields
356,Ivan Meštrović,architect,Nikola Tesla
1023,Leiden University,subsidiary,National Institute of Standards and Technology
1204,Florida,contains administrative territorial entity,New Jersey
864,Albert Einstein,has part,Hendrik Lorentz
361,Nikola Tesla,part of,Belgrade
1115,Europe,country of citizenship,George W. Bush
1244,Thomas Edison,notable work,Edison's Black Maria
243,Waldorf Astoria New York,has part,St. Regis Hotels & Resorts
210,William Henry Bragg,spouse,Lawrence Bragg
547,Farouk of Egypt,father,Isaac Newton
124,"Tesla, Inc.",has part,Niagara Falls
908,Albert Einstein,military branch,Gestapo
403,Wardenclyffe Tower,has part,Long Island
799,Arthur Eddington,member of,Royal Netherlands Academy of Arts and Sciences
1016,JILA,has part,University of Colorado
315,Louis Adamic,residence,New York City
715,Isaac Newton,religion,Judaism
416,Serbian Orthodox Church,language of work or name,"Tesla, Inc."
574,Egypt,member of,Royal Society
1275,"Menlo Park, California",work location,John I. Beggs
223,Order of St. Sava,country,Serbia
1051,Thomas Edison,residence,"Port Huron, Michigan"
1031,Leo Szilard,spouse,Albert Einstein
576,Nature (journal),publisher,Philosophical Magazine
126,Niagara Falls,manufacturer,Westinghouse Electric Corporation
685,Earth,field of work,Isaac Newton
566,Science (journal),publisher,Philosophical Magazine
214,Lawrence Bragg,work location,Stockholm
610,Eastern Orthodox Church,religion,Anglicanism
885,Carl Laemmle,field of work,Albert Einstein
260,Hotel Pennsylvania,follows,Westinghouse Electric Corporation
670,Isaac Newton,followed by,John Michael Rysbrack
698,The National Archives (United Kingdom),part of,Isaac Newton
23,Maribor,country,Slovenia
1259,Thomas Edison,has part,Automotive Hall of Fame
170,One Liberty Plaza,located in the administrative territorial entity,Manhattan
650,England,owned by,Historic England
10,Lika,located in the administrative territorial entity,Tomingaj
174,Woolworth Building,occupant,Metropolitan Life Insurance Company Tower
512,Royal Swedish Academy of Sciences,subsidiary,Sweden
1113,"Fort Myers, Florida",headquarters location,Naval Consulting Board
627,Royal Society,member of,French Academy of Sciences
522,Order of the Republic (Tunisia),applies to jurisdiction,United Arab Emirates
1234,"Glenmont, Maryland",location,Thomas Edison National Historical Park
363,Nikola Tesla,part of,Queen Victoria
16,Graz,residence,Nikola Tesla
1269,United States Capitol,occupant,Ford Motor Company
1014,JILA,has part,Albert Einstein
1253,Automotive Hall of Fame,part of,National Statuary Hall Collection
425,Saint Sava,religion,Serbian Orthodox Church
273,Nikola Tesla,owned by,George Westinghouse
1283,Thomas Commerford,has part,Henry Ford
295,Empire State Building,has part,Lower Manhattan
1229,Edison Bridge (New Jersey),crosses,Thomas Edison
1134,"Fort Myers, Florida",headquarters location,Edison Illuminating Company
475,Mohamed ElBaradei,sibling,Ahmed Zewail
1250,The Henry Ford,location,United States Capitol
1232,Alaska,contains administrative territorial entity,Chugach Mountains
1210,"Fort Myers, Florida",headquarters location,Florida SouthWestern State College
1080,Edison and Swan Electric Light Company,owned by,Czech Republic
1124,Biograph Company,owned by,Léon Gaumont
623,Parliament of England,applies to jurisdiction,England
702,Royal Society,part of,Isaac Newton
226,Order of Prince Danilo I,country,Montenegro
690,John Maynard Keynes,part of,Isaac Newton
280,"Tesla, Inc.",field of work,Albert Einstein
979,Federal Bureau of Investigation,part of,Albert Einstein
696,Nonconformist (Protestantism),movement,Samuel Clarke
117,Charles F. Scott (engineer),followed by,Benjamin G. Lamme
460,Egypt,residence,Ahmed Zewail
272,"Tesla, Inc.",subsidiary,George Westinghouse
1083,Brno,headquarters location,Edison and Swan Electric Light Company
987,"Caputh, Brandenburg",residence,Wilfrid Israel
290,Lower Manhattan,has part,Empire State Building
43,"Tesla, Inc.",part of,France
228,Sava,country,Order of St. Sava
628,French Academy of Sciences,member of,Royal Society
1046,Thomas Edison,residence,Nova Scotia
937,John von Neumann,sibling,Kurt Gödel
917,Hitler Youth,part of,Albert Einstein
421,Serbian Orthodox Church,religion,Saint Sava
55,"Tesla, Inc.",characters,Thomas Edison
236,"Tesla, Inc.",part of,New York City
588,Cambridge University (UK Parliament constituency),applies to jurisdiction,University of Cambridge
900,Albert Einstein,head of government,Germany
1236,National Park Service,operator,Thomas Edison National Historical Park
600,Royal Society,has part,Gottfried Wilhelm Leibniz
98,Westinghouse Electric Corporation,owned by,Barings Bank
92,Westinghouse Electric Corporation,owned by,"Tesla, Inc."
1127,Thomas Edison,owned by,Motion Picture Patents Company
814,Royal Society,part of,Albert Einstein
144,"Tesla, Inc.",part of,Radio
668,Earth,part of,John Michael Rysbrack
493,Heriot-Watt University,part of,Royal Swedish Academy of Sciences
775,Albert Einstein,publisher,Annalen der Physik
1027,Otto Stern,field of work,Albert Einstein
192,Jonathan Zenneck,sibling,Karl Ferdinand Braun
135,The New York Times,owned by,"Tesla, Inc."
202,Thomas Edison,spouse,Nikola Tesla
412,"Tesla, Inc.",language of work or name,Serbian Orthodox Church
337,"Tesla, Inc.",notable work,Mark Twain
1041,WebCite,original network,MSNBC
744,Albert Einstein,residence,Italy
674,London,headquarters location,British Library
613,Henry More,work location,Cambridge University Press
324,Saint Sava,residence,New York City
1131,Bayer,headquarters location,Rensselaer Polytechnic Institute
525,Ibrahim Mahlab,position held,Prime Minister of Canada
945,Albert Einstein,member of,NAACP
976,World government,has part,Albert Einstein
742,Italy,residence,Albert Einstein
557,Philosophical Magazine,instance of,Billboard (magazine)
563,Billboard (magazine),publisher,Science (journal)
1017,JILA,has part,University of Colorado Boulder
1158,"Delaware, Lackawanna and Western Railroad",part of,North Jersey
776,Annalen der Physik,publisher,Albert Einstein
284,Nikola Tesla,owned by,United States Department of War
87,Westinghouse Electric Corporation,subsidiary,Institute of Electrical and Electronics Engineers
391,Niagara Falls,part of,Nikola Tesla
663,John Michael Rysbrack,architect,William Kent
269,Westinghouse Electric Corporation,follows,Hotel Pennsylvania
999,Edwin Hubble,field of work,Albert Einstein
1144,John Burroughs,manufacturer,Ford Motor Company
163,Wall Street,location,Houston Street
925,David Lloyd George,country of citizenship,Germany
1055,Associated Press,owned by,Thomas Edison
844,Albert Einstein,residence,Palestine (region)
665,Kent,architect,William Kent
1239,"Glenmont, Maryland",residence,Thomas Edison
1146,John Burroughs,residence,"Fort Myers, Florida"
344,Viereck,spouse,"Tesla, Inc."
1242,Edison's Black Maria,location,Thomas Alva Edison Memorial Tower and Museum
256,St. Regis New York,has part,Pennsylvania
222,Nobel Foundation,subsidiary,Lawrence Bragg
689,Napoleon,movement,Pierre-Simon Laplace
75,American Institute of Electrical Engineers,subsidiary,Institute of Electrical and Electronics Engineers
196,"Tesla, Inc.",owned by,Marconi Company
630,Jermyn Street,located in the administrative territorial entity,London
495,Lund University,has part,Heriot-Watt University
140,"Tesla, Inc.",location,Madison Square Garden
248,St. Regis Hotels & Resorts,has part,Waldorf Astoria New York
61,William Arnold Anthony,has part,Nikola Tesla
693,Isaac Newton,field of work,Bonhams
121,World's Columbian Exposition,sibling,Benjamin G. Lamme
406,Long Island,has part,Wardenclyffe Tower
860,Weimar Republic,religion,Catholic Church
111,Institute of Radio Engineers,subsidiary,Institute of Electrical and Electronics Engineers
1061,Thomas Edison National Historical Park,location,"Menlo Park, New Jersey"
1155,New Jersey,located in the administrative territorial entity,Hoboken Terminal
410,Agfa-Gevaert,subsidiary,Long Island
125,Niagara Falls,follows,"Tesla, Inc."
589,University of Cambridge,applies to jurisdiction,Cambridge University (UK Parliament constituency)
454,Muslim world,part of,North Africa
1201,Florida SouthWestern State College,part of,Thomas Edison State University
577,PubMed,part of,Nature (journal)
45,France,part of,"Tesla, Inc."
303,"Tesla, Inc.",participant,John G. Trump
366,Frano Kršinić,country of citizenship,Yugoslavia
678,Grantham,residence,Colsterworth
429,Serbian dinar,part of,Yugoslav dinar
405,Wardenclyffe Tower,subsidiary,Agfa-Gevaert
677,Grantham,located in the administrative territorial entity,London
635,University of Cambridge,main subject,Jacula
988,"Caputh, Brandenburg",residence,V. A. Sundaram
1021,University of Colorado Boulder,subsidiary,National Institute of Standards and Technology
958,Chaim Weizmann,father,Ezriel Carlebach
1168,Ford Motor Company,has part,Henry Ford
837,"Richard Haldane, 1st Viscount Haldane",residence,White House
176,Germany,subsidiary,Telefunken
353,Far side of the Moon,part of,"Tesla, Inc."
932,Albert Einstein,residence,United Kingdom
293,Empire State Building,has part,Houston Street
821,Albert Einstein,residence,White House
189,Jonathan Zenneck,has part,Marconi Company
444,United States,country,California
1019,University of Colorado,subsidiary,National Institute of Standards and Technology
847,International Committee on Intellectual Cooperation,member of,League of Nations
225,Serbia,country,Order of St. Sava
1182,Hollywood Walk of Fame,applies to jurisdiction,Florida
638,Colsterworth,part of,Michael Faraday
393,Niagara Falls,has part,University of Belgrade
487,American Philosophical Society,subsidiary,Royal Swedish Academy of Sciences
309,John G. Trump,participant,"Tesla, Inc."
1208,"Fort Myers, Florida",residence,Thomas Edison
822,Albert Einstein,residence,Europe
216,Lawrence Bragg,said to be the same as,William Henry Bragg
358,Ruđer Bošković Institute,architect,Ivan Meštrović
488,Heriot-Watt University,subsidiary,American Philosophical Society
209,William Henry Bragg,residence,Stockholm
991,British Empire,headquarters location,New York City
317,WNYC,licensed to broadcast to,New York City
773,Bern,headquarters location,Swiss Federal Institute of Intellectual Property
1172,Thomas Paine,movement,Israel
1006,Albert Einstein,has part,JILA
168,Marc Seifer,father,Nikola Tesla
878,Albert Einstein,residence,New York City
1077,Edison and Swan Electric Light Company,manufacturer,Mahen Theatre
476,Ahmed Zewail,member of political party,April 6 Youth Movement
432,Banknote,has part,Serbian dinar
1226,Hotel Edison,location,Lake Thomas A Edison
680,Pierre-Simon Laplace,notable work,Earth
7,Austro-Hungarian Army,country,Lika
731,"Wilhelm II, German Emperor",owned by,Albert Einstein
823,Albert Einstein,spouse,"Richard Haldane, 1st Viscount Haldane"
42,"Tesla, Inc.",has part,Ivry-sur-Seine
573,Nature (journal),headquarters location,Egypt
1163,The Henry Ford,part of,Ford Motor Company
549,Isaac Newton,father,Farouk of Egypt
1066,Joshua Reynolds,residence,"Menlo Park, California"
1015,JILA,has part,Eric Allin Cornell
253,United States dollar,has part,"Tesla, Inc."
915,Adolf Hitler,occupant,Albert Einstein
455,Muslim world,religion,Ahmed Zewail
883,Riverside Church,location,New York City
496,Lund University,country,Sweden
123,Steam (service),manufacturer,"Tesla, Inc."
671,Isaac Newton,part of,Earth
675,London,located in the administrative territorial entity,Grantham
224,Serbia,applies to jurisdiction,Order of St. Sava
291,Lower Manhattan,location,Empire State Building
661,Brogdale,located in the administrative territorial entity,Kent
506,Royal Swedish Academy of Sciences,subsidiary,American Philosophical Society
325,New York City,located in the administrative territorial entity,Church of Saint Sava
478,American Chemical Society,member of,National Academy of Sciences
619,Edmond Halley,member of,Royal Society
954,Langston Hughes,sibling,Thurgood Marshall
586,London,headquarters location,Proceedings of the Royal Society
1141,Ford Motor Company,manufacturer,Harvey S. Firestone
651,Woolsthorpe-by-Colsterworth,part of,Michael Faraday
157,New York (state),owned by,"Tesla, Inc."
1084,Brno,location,Mahen Theatre
669,Earth,part of,Isaac Newton
1069,Emile Berliner,notable work,Western Union
368,Frano Kršinić,residence,Queen Victoria Park
738,Munich,religion,Catholic Church
238,"Tesla, Inc.",has part,St. Regis Hotels & Resorts
992,New York City,headquarters location,British Empire
504,Sweden,subsidiary,Royal Swedish Academy of Sciences
555,Philosophical Magazine,publisher,Dublin
364,Nikola Tesla,part of,Queen Victoria Park
1279,General Electric,residence,"Menlo Park, New Jersey"
591,Isaac,sibling,Isaac Newton
1001,Lev Landau,sibling,Evgeny Lifshitz
1255,Henry Ford,occupant,United States Capitol
993,Albert Einstein,part of,Judaism
550,Isaac Newton,sibling,Farouk of Egypt
328,Nikola Tesla,residence,Belgrade
739,Gymnasium (school),said to be the same as,Albert Einstein
825,National Academy of Sciences,member of,Albert Einstein
909,Albert Einstein,work location,Berlin
929,Martin Gilbert,position held,David Lloyd George
916,Adolf Hitler,has part,Hitler Youth
1123,Belgium,work location,Stollwerck
548,Farouk of Egypt,sibling,Isaac Newton
320,Manhattan,located in the administrative territorial entity,Cathedral of St. John the Divine
407,Long Island,owned by,Agfa-Gevaert
1211,"Fort Myers, Florida",located in the administrative territorial entity,Florida
897,Nazi Party,residence,Charlie Chaplin
1188,New Jersey,headquarters location,Florida SouthWestern State College
1196,Thomas Edison State University,residence,Florida
1101,New England,has part,Maine
129,World's Columbian Exposition,participant,"Tesla, Inc."
1276,John I. Beggs,work location,"Menlo Park, California"
30,Gospić,residence,Nikola Tesla
1091,Pearl Street Station,owned by,Edison Illuminating Company
1221,"Fort Myers, Florida",residence,"Edson (footballer, born 1987)"
534,Google,part of,Ahmed Zewail
1,Nikola Tesla,language of work or name,Serbia
422,Church of Saint Sava,religion,Serbian Orthodox Church
198,"Tesla, Inc.",manufacturer,Radio
1120,Germany,followed by,Austria-Hungary
349,Sweden,country,Croatia
241,Waldorf Astoria New York,has part,"Tesla, Inc."
190,Jonathan Zenneck,has part,Telefunken
706,Israel,part of,Judaism
306,Office of Alien Property Custodian,owned by,John G. Trump
768,KGB,subsidiary,Institute for Advanced Study
357,Ivan Meštrović,work location,Ruđer Bošković Institute
80,Institute of Electrical and Electronics Engineers,has part,Thomas Commerford Martin
319,Cathedral of St. John the Divine,located in the administrative territorial entity,Manhattan
1174,The New York Times Magazine,publisher,The New York Times
602,Gottfried Wilhelm Leibniz,has part,Royal Society
318,WNYC,head of government,Fiorello La Guardia
1190,New Jersey,located in the administrative territorial entity,"Fort Myers, Florida"
184,Telefunken,subsidiary,Germany
142,"Tesla, Inc.",residence,"Colorado Springs, Colorado"
681,Pierre-Simon Laplace,notable work,Isaac Newton
977,World government,field of work,Albert Einstein
259,St. Regis New York,has part,Westinghouse Electric Corporation
298,Yugoslavia,country,Czechoslovakia
322,Church of Saint Sava,located in the administrative territorial entity,New York City
461,Egypt,head of government,Ahmed Zewail
2,Nikola Tesla,country of citizenship,Serbia
700,Royal Society,part of,National Library of Israel
292,Manhattan,has part,Empire State Building
1067,"Menlo Park, California",residence,Joshua Reynolds
230,Philadelphia City Council,subsidiary,Franklin Institute
570,Electric Fields,publisher,Billboard (magazine)
1102,New England,has part,United States
274,Marc Seifer,field of work,"Tesla, Inc."
784,Prussia,headquarters location,Zürich
948,Albert Einstein,participant,W. E. B. Du Bois
398,Serbian Orthodox Church,language of work or name,Eastern Orthodox Church
159,"Tesla, Inc.",residence,Waldorf Astoria New York
414,"Tesla, Inc.",location,Church of Saint Sava
524,Prime Minister of Canada,head of government,Ali Gomaa
1121,Austria-Hungary,followed by,Germany
436,University of Pennsylvania,contains administrative territorial entity,Desouk
464,Ahmed Zewail,country of citizenship,Egypt
713,Isaac Newton,part of,Royal Society
338,Mark Twain,manufacturer,"Tesla, Inc."
733,Kaiser Wilhelm Society,subsidiary,"Wilhelm II, German Emperor"
633,London,work location,Charles Hutton
145,"Tesla, Inc.",part of,Mars
1246,Thomas Alva Edison Memorial Tower and Museum,location,Edison's Black Maria
335,Francis Marion Crawford,sibling,Francis Marion
608,Simon Stevin,notable work,Isaac Newton
466,Ahmed Zewail,head of government,Ayman Nour
408,Agfa-Gevaert,subsidiary,Wardenclyffe Tower
201,Oliver Lodge,applies to jurisdiction,Supreme Court of the United States
375,Belgrade,has part,University of Belgrade
1202,Florida SouthWestern State College,headquarters location,Florida
624,Royal Mint,owned by,Abraham de la Pryme
362,Nikola Tesla,has part,Queen Victoria
919,"De Haan, Belgium",country,Germany
562,Billboard (magazine),publisher,Philosophical Magazine
206,Stockholm,work location,Lawrence Bragg
934,Institute for Advanced Study,member of,John von Neumann
554,Dublin,headquarters location,Electric Fields
721,Albert Einstein,residence,Zürich
778,Charles University,work location,Alfred Kleiner
204,Stockholm,work location,William Henry Bragg
28,Nikola Tesla,residence,Gospić
1288,Thomas Edison,has part,Kalindi Commerford
56,Thomas Edison,characters,"Tesla, Inc."
1175,Royal Swedish Academy of Sciences,headquarters location,Philadelphia
485,American Philosophical Society,subsidiary,Lund University
497,Lund University,has part,Sweden
983,Wilfrid Israel,residence,"Caputh, Brandenburg"
282,"Tesla, Inc.",part of,Infantry
1215,Pelé,residence,Ohio
865,Hendrik Lorentz,sibling,Gonzague de Reynold
1108,Maine,has part,New England
943,Oval Office,subsidiary,White House
508,Royal Swedish Academy of Sciences,has part,Heriot-Watt University
194,Karl Ferdinand Braun,subsidiary,Telefunken
551,Dublin,publisher,Philosophical Magazine
39,Ivry-sur-Seine,instance of,France
527,Ibrahim Mahlab,head of government,Ali Gomaa
1059,Franklin Leonard Pope,work location,New York City
660,Brogdale,contains administrative territorial entity,Kent
1291,Thomas Edison,original network,PBS
503,Sweden,has part,Lund University
29,Gospić,located in the administrative territorial entity,Prague
824,Albert Einstein,residence,London
1278,"Menlo Park, New Jersey",residence,Edison Manufacturing Company
614,Henry More,father,John Maynard Keynes
968,Bolsheviks,main subject,Albert Einstein
13,Mark Twain,work location,Graz
1173,The New York Times,publisher,The New York Times Magazine
500,Sweden,country,Heriot-Watt University
57,United States dollar,owned by,"Tesla, Inc."
434,California,subsidiary,California Institute of Technology
108,"Tesla, Inc.",member of,American Institute of Electrical Engineers
1260,Thomas Edison,owned by,Ford Motor Company
281,Albert Einstein,field of work,"Tesla, Inc."
239,"Tesla, Inc.",part of,United States dollar
36,Paris,work location,Tivadar Puskás
1154,North Jersey,part of,"Delaware, Lackawanna and Western Railroad"
812,Royal Society,has part,Satyendra Nath Bose
1129,United States,country,East Coast of the United States
793,Walther Nernst,work location,Zürich
89,Westinghouse Electric Corporation,owned by,George Westinghouse
402,Ilham Aliyev,residence,Baku
949,W. E. B. Du Bois,spouse,Albert Einstein
818,Berlin,said to be the same as,Albert Einstein
137,Houston Street,headquarters location,The New York Times
615,John Maynard Keynes,work location,Cambridge University Press
956,Thurgood Marshall,sibling,Langston Hughes
1161,The Henry Ford,has part,Henry Ford
354,Zagreb,residence,Nikola Tesla
515,Southwestern University,subsidiary,University of Glasgow
879,Albert Einstein,location,Riverside Church
1043,Henry Ford,spouse,Firestone Tire and Rubber Company
868,Marie Curie,sibling,Hendrik Lorentz
994,Albert Einstein,religion,Judaism
673,British Library,headquarters location,London
1000,Edwin Hubble,notable work,Albert Einstein
971,Vladimir Lenin,has part,World government
1024,Leiden University,has part,JILA
1060,Thomas Edison National Historical Park,work location,Edward Hibberd Johnson
469,Ayman Nour,participant,Ahmed Zewail
277,"Tesla, Inc.",owned by,Time (magazine)
1191,Thomas Edison,owned by,Florida SouthWestern State College
1092,Holborn,located in the administrative territorial entity,London
750,Aarau,location,Gymnasium (school)
578,PubMed,publisher,Philosophical Magazine
1058,Thomas Edison,residence,New York City
88,Westinghouse Electric Corporation,member of,Institute of Electrical and Electronics Engineers
718,Cambridge University Press,part of,National Library of Israel
579,Philosophical Magazine,publisher,Nature (journal)
169,Waldorf Astoria New York,owned by,Nikola Tesla
612,Cambridge University Press,work location,John Maynard Keynes
959,Israel,head of government,Chaim Weizmann
704,National Library of Israel,part of,Israel
851,Geneva,headquarters location,International Committee on Intellectual Cooperation
692,Bonhams,field of work,Isaac Newton
1162,The Henry Ford,has part,Ford Motor Company
171,Manhattan,location,One Liberty Plaza
1254,Henry Ford,owned by,Ford Motor Company
333,"Tesla, Inc.",part of,Robert Underwood Johnson
431,Banknote,part of,Yugoslav dinar
231,University of Paris,part of,"Tesla, Inc."
132,"Tesla, Inc.",owned by,The New York Times
858,Giuseppe Motta,sibling,Oskar Halecki
38,Ivry-sur-Seine,has part,"Tesla, Inc."
636,Jacula,main subject,University of Cambridge
24,Slovenia,country,Mur (river)
54,Thomas Edison,spouse,"Tesla, Inc."
531,Ahmed Zewail,part of,Google
952,United States,country of citizenship,Thurgood Marshall
152,Collier's,characters,"Tesla, Inc."
1004,Albert Einstein,has part,Carl Wieman
820,Albert Einstein,member of,National Academy of Sciences
33,Tivadar Puskás,work location,Paris
517,University of Glasgow,subsidiary,Southwestern University
73,American Institute of Electrical Engineers,has part,Thomas Commerford Martin
654,Isaac Newton,residence,Kensington
684,Earth,notable work,Pierre-Simon Laplace
1018,JILA,has part,Leiden University
399,Serbian Orthodox Church,instance of,Eastern Orthodox Church
926,Germany,head of government,Austen Chamberlain
178,Germany,sibling,Karl Ferdinand Braun
1065,"Menlo Park, California",location,Thomas Edison
246,New York City,part of,Waldorf Astoria New York
334,Francis Marion,sibling,Francis Marion Crawford
52,Lower East Side,followed by,Manhattan
760,Albert Einstein,spouse,Elsa Einstein
842,London,part of,Europe
723,Zürich,residence,Albert Einstein
37,Paris,residence,"Tesla, Inc."
783,Prussia,member of,Walther Nernst
907,Albert Einstein,participant,Gestapo
1247,Thomas Alva Edison Memorial Tower and Museum,owned by,Thomas Edison
463,Egypt,participant,Ayman Nour
788,Prussian Academy of Sciences,headquarters location,Zürich
538,Ministry of Education (Egypt),subsidiary,University of Nottingham
839,"Richard Haldane, 1st Viscount Haldane",work location,London
279,Time (magazine),owned by,"Tesla, Inc."
63,William Arnold Anthony,has part,Westinghouse Electric Corporation
543,Cairo University,has part,Normal school
53,"Tesla, Inc.",spouse,Thomas Edison
270,Westinghouse Electric Corporation,has part,New York City
645,Historic England,subsidiary,Colsterworth
258,St. Regis New York,has part,New York City
102,Westinghouse Electric Corporation,part of,"Tesla, Inc."
950,W. E. B. Du Bois,participant,Albert Einstein
921,Austen Chamberlain,country of citizenship,Germany
187,Telefunken,has part,Karl Ferdinand Braun
985,V. A. Sundaram,spouse,Wilfrid Israel
41,Paris,has part,"Tesla, Inc."
